Content,Video title,Video publish time,Duration,Engaged views,Average view duration,Average percentage viewed (%),Stayed to watch (%),Unique viewers,Unique reach,Average views per viewer,New viewers,Returning viewers,Casual viewers,Regular viewers,Subscribers gained,Subscribers lost,Likes,Dislikes,Likes (vs. dislikes) (%),Shares,Comments added,Views,Watch time (hours),Subscribers,Impressions,Impressions click-through rate (%)
Total,,,,51415,0:01:34,22.56,50.7,0,16236,0,0,0,0,0,539,128,1709,128,93.03,335,92,99692,1372.3646,411,244436,3.91
NSyNFcZRu_M,Paying Utilities is 100% a waste of Your Money,"Sep 10, 2025",17,3303,0:00:20,118.1,67.34,,6,,,,,,2,0,18,8,69.23,3,4,7624,19.1536,2,460,5.87
EZscFWFeKgs,Prospect Caught in Lie,"Aug 20, 2025",26,2385,0:00:20,78.73,76.15,,5,,,,,,0,0,10,2,83.33,0,0,4003,13.9238,0,348,6.03
wnOdNP9VCa8,POV: you do anything for the sale #sales #salestips #business #money #work #books #passion #salesman,"Jun 6, 2026",30,2030,0:00:21,71.77,62.89,,2860,,,,,,1,0,21,2,91.3,0,1,3853,12.7391,1,241,4.15
AFYWV-I7y28,Why people HATE sales jobs,"Oct 15, 2024",45,1245,0:00:42,93.49,85.64,,408,,,,,,3,0,58,3,95.08,1,3,1914,14.6282,3,7481,9.65
hNUCZ3k_IFg,100M Offers by Alex Hormozi: Best Takeaways #booksummary #selfhelp #alexhormozi #nicknascimento,"Dec 17, 2022",47,962,0:00:40,86.48,75.83,,369,,,,,,1,0,32,0,100,2,0,1635,10.9807,1,23773,1.85
ynxYRoW1t_4,He who needs the least has the most influence. #salestips #sales #work #business #money,"Apr 24, 2026",39,943,0:00:23,59.65,63.61,,1353,,,,,,1,0,21,1,95.45,2,0,1547,6.3287,1,420,4.76
nEUjDW8h8J4,Are you drowning..? #business #money #sales #salestips #work #books #salesman #passion,"May 23, 2026",45,835,0:00:21,48.2,49.97,,1445,,,,,,0,0,34,1,97.14,1,0,1668,5.3448,0,155,1.94
76gdgipJpyk,Why Solar Makes Sense,"Aug 29, 2025",20,745,0:00:25,125.57,57.83,,27,,,,,,1,0,27,4,87.1,3,0,1620,5.4493,1,1170,8.46
YxAHDGA9n3c,You sell to the degree that you are sold #business #sales #salestips #money #passion #work #salesman,"Feb 27, 2026",37,735,0:00:33,90.04,56.73,,4,,,,,,1,0,18,2,90,7,1,1438,7.0224,1,289,4.5
5fEVDhOiN8U,Most reps fold,"Sep 18, 2025",35,687,0:00:17,50.03,55.85,,4,,,,,,0,0,12,3,80,0,1,1291,3.5668,0,433,4.39
eDcrH2eTiC8,The Higher Game of Sales: Faith Builds Fortunes w Jake Robles,"Sep 29, 2025",2609,681,0:09:10,21.1,,,30,,,,,,38,3,27,1,96.43,22,1,681,104.1125,35,5371,6.42
cBlm882fNz4,What the TOP 1% of Solar Salespeople Do Differently,"Sep 29, 2025",1930,673,0:10:18,32.03,,,208,,,,,,26,0,47,1,97.92,25,6,673,115.5741,26,5289,7.92
y7t-evInlqs,Galatians 6:7 #business  #sales #salesman #salestips #money #work #passion,"Mar 16, 2026",43,651,0:00:24,56.87,57.28,,7,,,,,,2,0,35,3,92.11,3,3,1193,4.6354,2,273,4.03
Md7u7LZk_oI,If you work hard on yourself youll make a living #business #sales #salesman #salestips #money #work,"Mar 13, 2026",37,641,0:00:20,55.11,50.16,,4,,,,,,3,0,39,2,95.12,4,2,1344,3.9057,3,267,3
7dDEnipeqSE,Are you going to make it big in sales? #business #sales #salesman #salestips #money #work #books,"Mar 24, 2026",37,640,0:00:20,54.89,62.96,,13,,,,,,2,0,23,3,88.46,0,1,1101,3.789,2,265,2.64
FQU24ck8i4c,"Whats coating you “$10,000,000”? #business #money #sales #salestips #work #salesman #books #passion","May 6, 2026",52,624,0:00:26,51.79,40.53,,1320,,,,,,2,0,29,2,93.55,0,0,1456,5.072,2,342,4.68
tp20abAynlo,Opportunity cost #business #sales #salesman #salestips #money #work #books #passion,"Mar 21, 2026",38,623,0:00:25,66.26,48.55,,6,,,,,,1,0,23,7,76.67,1,1,1325,4.6354,1,337,2.37
vEeZNKHn1tU,How to sell yourself #business #sales #salesman #salestips #money #work #books #passion,"Mar 25, 2026",56,623,0:00:28,51.03,55.04,,27,,,,,,4,0,40,2,95.24,5,2,1186,5.1663,4,854,4.92
cuRih7z7HlU,DON'T wait to be fed leads. Go out by and find them #salestips #sales #work #business #money,"Apr 22, 2026",44,620,0:00:30,68.94,56.21,,1004,,,,,,0,0,16,3,84.21,0,0,1129,5.409,0,313,3.83
yqsq8B77P1k,Easiest hack to 3X sales,"Feb 14, 2026",44,619,0:00:19,45.41,55.42,,2,,,,,,2,0,14,2,87.5,0,1,1148,3.6329,2,379,6.33
Iw9q_xrF3tc,To be exceptional you have to be the EXCEPTION,"Jan 2, 2026",30,605,0:00:17,59.03,42.58,,1,,,,,,0,0,17,4,80.95,0,1,1409,3.2898,0,481,4.16
Rzau5ljj1os,Transparency Builds Trust in Sales,"Jan 22, 2026",26,603,0:00:17,68.53,51.49,,4,,,,,,0,0,6,0,100,0,0,1236,3.2822,0,326,3.99
ZbtI6dvVzmY,Why you should read books #business #sales #salesman #salestips #money #work #books #passion,"Mar 30, 2026",23,599,0:00:11,49.07,37.08,,22,,,,,,1,0,26,1,96.3,0,0,1587,2.3621,1,383,3.92
GK9pzNIycdM,N R4---Prospects want to feel like they can trust you,"Sep 2, 2025",40,598,0:00:24,60.15,50,,4,,,,,,2,0,10,0,100,0,0,1194,4.2979,2,478,6.28
KpY-vLmYikA,Listening to audible isnt “reading” 🤣,"Dec 13, 2025",65,598,0:00:24,37.55,42.04,,1,,,,,,0,0,23,10,69.7,1,7,1362,4.3689,0,701,4.56
ypJaAxoun2I,Greatest Skill in Sales Isn't Closing,"Aug 22, 2025",34,588,0:00:21,64.16,49.87,,3,,,,,,0,0,15,0,100,2,1,1170,3.8452,0,436,2.98
WBJWO6TikAk,What Success Cares About?,"Sep 24, 2025",45,583,0:00:18,41.35,61.63,,2,,,,,,0,0,12,2,85.71,0,0,964,3.1764,0,535,4.86
5dEX-2bt7nM,When you tell people the CONS up front it build CONFIDENCE. #business #sales #salesman #salestips,"Feb 27, 2026",16,583,0:00:16,105.65,43.19,,3,,,,,,2,0,27,1,96.43,2,1,1555,3.1415,2,257,3.5
F1MgZMMgJjg,Jeremy Miner Reveals His Secrets to Mastering Sales (FULL INTERVIEW),"Dec 1, 2023",6470,582,0:15:15,14.14,,,46,,,,,,13,0,31,0,100,12,3,582,147.9479,13,8296,4.54
jhkEYvxipT0,How I Went From Broke to $35M,"Jan 15, 2026",29,580,0:00:14,50.45,44.28,,4,,,,,,2,0,10,0,100,1,1,1351,2.6942,2,601,2.83
OowlcRwFrv4,"March 19, 2026","Mar 24, 2026",45,569,0:00:20,45.29,58.74,,11,,,,,,2,0,18,1,94.74,3,1,1005,3.3968,2,189,4.23
kN--PBe6dSY,Be diligent ￼ #business #sales #salesman #salestips #money #work #books #passion,"Mar 20, 2026",29,566,0:00:19,67.52,49.3,,6,,,,,,0,0,34,2,94.44,4,2,1217,3.3359,0,203,1.48
IMvlz6Oh1dM,Seek first to understand then to be understood #sales #salestips #books #salesman #business,"Feb 19, 2026",60,564,0:00:29,49.57,60.37,,3,,,,,,2,0,21,2,91.3,4,1,930,4.8223,2,440,5
8SoD-FhxCVM,The momentum secret #business #money #sales #salestips #work #books #passion #salesman,"May 29, 2026",30,563,0:00:15,50.31,43.1,,1145,,,,,,2,0,13,3,81.25,2,0,1289,2.7302,2,156,3.85
r5ZLMPoIxYg,Are you selling the situation? #sales #salestips #business #money #work #books #passion #salesman,"Jun 2, 2026",34,563,0:00:19,57.11,42.13,,1181,,,,,,3,0,12,1,92.31,2,0,1353,3.3787,3,415,1.45
94irvQWG9Dc,Don't Sell Everyone,"Sep 25, 2025",44,562,0:00:17,40.49,47.9,,9,,,,,,1,1,15,0,100,2,0,1121,3.0146,0,808,8.04
SLHk3bPaqS8,Read books to get better #business #sales #salesman #salestips #money #work #books #passion,"Mar 24, 2026",30,558,0:00:14,48.4,32.68,,13,,,,,,2,0,15,3,83.33,1,0,1690,2.7208,2,358,2.51
ysRfVaehyEw,Don’t leave money on the table #business #sales #salesman #salestips #money #work #books #passion,"Mar 20, 2026",34,548,0:00:16,48.54,36.79,,8,,,,,,1,0,21,1,95.45,0,1,1482,2.9226,1,325,3.08
yJ65Ey9KYck,Do you want to sell more? #business #sales #salesman #salestips #money #work #books #passion,"Mar 20, 2026",41,547,0:00:21,52.69,64.77,,6,,,,,,1,0,18,2,90,5,1,909,3.4035,1,237,0.84
Jbrm-JYscHs,I Will Change The Way You Look At Sales,"Oct 17, 2025",30,544,0:00:13,44.72,22.92,,3,,,,,,2,0,12,0,100,0,0,2074,2.7115,2,450,2.89
wsux_y8MuqQ,Team Savings,"Aug 25, 2025",38,540,0:00:14,39.47,36.51,,1,,,,,,0,0,5,4,55.56,0,0,1441,2.7396,0,374,2.41
qEIknJ-O0RE,Chase The Man Change Yourself,"Aug 27, 2025",55,534,0:00:21,38.59,61.95,,2,,,,,,0,0,10,0,100,0,0,862,3.3001,0,374,1.07
v9t5t_UzPjk,Dads Make More Than Dudes,"Jan 6, 2026",79,531,0:00:28,36.5,75.43,,3,,,,,,3,0,10,1,90.91,2,0,738,4.3322,3,302,5.96
TK2-lLokpO4,Babysitting vs Leadership,"Jan 7, 2026",40,530,0:00:23,59.28,51.51,,2,,,,,,1,0,7,2,77.78,3,0,1072,3.7587,1,245,2.86
 -AVUd6TyHk8,How to time block #business #money #sales #salestips #work #books #passion #salesman,"May 28, 2026",53,528,0:00:21,40.91,42.06,,1083,,,,,,0,0,13,1,92.86,2,0,1189,3.502,0,241,4.98
xAE-gaqK7Tc,$0 to $35 MILLION in Sales: 3 Shifts Will Get You There (ft. Jeremy Miner),"Sep 23, 2025",3064,527,0:08:28,16.61,,,21,,,,,,10,0,20,0,100,12,1,527,74.4964,10,9825,3.54
7Z33FsdfyxQ,Increase your inputs #business #sales #salesman #salestips #money #work #books #passion,"Mar 17, 2026",34,520,0:00:15,44.45,34.3,,2,,,,,,1,0,22,2,91.67,0,1,1471,2.6183,1,234,2.14
cS4nSEtW6w0,Certainty Trumps Confidence,"Sep 19, 2025",32,519,0:00:13,41.7,35.45,,2,,,,,,0,0,4,1,80,0,0,1357,2.3401,0,321,4.05
zvqoZIsy7vA,"Choosing to win or to lose requires pain, but only one is temporary ￼#sales #salestips #business","Jun 1, 2026",36,514,0:00:13,37.3,39.39,,1110,,,,,,1,0,8,3,72.73,0,1,1209,2.2851,1,150,5.33
I-aGUzmKsjc,Slow down to speed up #sales #salestips #business #money #work #books #passion #salesman #deals,"Jun 7, 2026",43,513,0:00:17,40.38,53.11,,865,,,,,,0,0,8,4,66.67,0,0,968,2.7007,0,159,6.29
vMSo-piBUvs,Why I Quit Summer Sales #pestcontrol #d2d,"Dec 18, 2024",48,490,0:00:39,82.81,79.37,,286,,,,,,0,0,18,0,100,1,0,752,5.4529,0,2673,7.52
y1E44SeyxhY,Influence Instead of Manipulate,"Sep 8, 2025",40,487,0:00:16,40.95,47.93,,1,,,,,,0,0,21,1,95.45,4,0,988,2.4152,0,590,7.12
Xfgxp5nbsxo,Sell More W/ No Sales Training,"Jan 18, 2025",77,415,0:01:16,99.9,86.85,,46,,,,,,21,0,64,1,98.46,10,3,623,8.8915,21,3328,7.87
8RJRT4ztp7o,Success is unfair #business #money #sales #salestips #work #salesman #books #passion,"Apr 30, 2026",50,391,0:00:24,48.99,40.9,,845,,,,,,0,0,15,0,100,1,0,972,2.9218,0,355,2.82
mWz0hAsqjeo,Top 1% Expectations,"Sep 15, 2025",45,386,0:00:18,41.76,29.95,,2,,,,,,0,0,7,0,100,0,0,1164,2.3707,0,504,5.16
NBCaW_DkHwc,Goals are guess work you need a system #sales #salestips #business #money #work #passion #salesman,"Jun 6, 2026",34,383,0:00:15,45.47,29.08,,1145,,,,,,2,0,11,3,78.57,1,0,1264,2.0743,2,140,2.86
-3cKxaZXplE,How To Make $200k Commissions in 30 Days,"Oct 6, 2025",1090,348,0:05:58,32.88,,,33,,,,,,10,0,24,1,96,22,3,348,34.6451,10,3978,5.23
sNRLxqrsxyM,Sell at Highest level,"Sep 22, 2025",47,319,0:00:32,69.65,29.08,,2,,,,,,1,0,11,3,78.57,0,0,1018,3.2038,1,506,4.15
-4OGrTVpaXM,DREAM BIG 1,"Jan 9, 2026",15,319,0:00:09,65.61,37.35,,1,,,,,,0,0,10,1,90.91,0,0,892,1.1069,0,299,4.35
Zq9VoYj4mXg,You Need Systems + Accountability.,"Jan 9, 2026",24,306,0:00:13,56.16,27.47,,1,,,,,,4,0,21,1,95.45,1,1,1094,1.5538,4,234,3.85
_AElgJOGH30,NO One Likes SOLAR PANELS,"Nov 17, 2023",56,277,0:01:10,125.13,85.19,,41,,,,,,2,0,19,0,100,6,0,485,5.4063,2,2201,8.63
9TuhPIpyxTs,Its impossible to succeed if you are negative #business #sales #salesman #salestips  #work #money,"Mar 12, 2026",25,275,0:00:14,58.45,40.44,,5,,,,,,1,0,12,1,92.31,2,1,696,1.32,1,179,2.79
FMlvoENy--k,Having fun with prospects selling D2D 🤣,"Nov 14, 2024",64,267,0:00:59,93.32,89,,35,,,,,,1,0,17,0,100,0,0,464,4.44,1,1921,9.79
ItsoRcbKeKg,Prospecting is the fastest way to prosperity in sales.,"Feb 11, 2026",31,261,0:00:22,72.72,47.13,,10,,,,,,1,0,12,0,100,5,0,590,1.7754,1,333,8.41
SXVz3tnkGxg,How I Made $200k in One Month,"Feb 12, 2024",1243,246,0:07:15,35.05,,,23,,,,,,2,0,8,1,88.89,1,2,246,29.7734,2,1785,7
k2MxlOr5-zk,How To Set & Hit ANY Sales Goal (Guaranteed Success),"Dec 23, 2025",1134,246,0:05:48,30.71,,,38,,,,,,3,0,12,1,92.31,9,0,246,23.7979,3,3578,3.24
cujkwjnbZfg,Black Friday Craze,"Sep 3, 2025",45,235,0:00:17,39.87,39.5,,0,,,,,,0,0,11,0,100,0,0,574,1.3191,0,361,3.88
feNKIUiSFbw,The Real Secrets of the Top 1% of Salespeople (Podcast),"Apr 11, 2025",2640,229,0:09:25,21.42,,,42,,,,,,6,0,8,0,100,5,0,229,35.9677,6,2747,5.75
clKG6W2i0gM,Tonality & Pitch (Sales Training),"Jan 6, 2023",109,211,0:01:12,66.32,,,40,,,,,,3,0,10,0,100,4,0,211,4.237,3,2233,5.28
AipOjL9zR1g,Nick & Evan Reveal The Dark Side of Success (What No One Talks About),"Jun 30, 2025",5567,209,0:12:14,13.19,,,11,,,,,,3,1,5,0,100,3,1,209,42.6161,2,4008,3.22
8HlILAOtsNY,10 Books That Will Make You More Money in Sales,"Feb 20, 2026",2287,204,0:05:18,13.92,,,83,,,,,,3,0,11,1,91.67,2,0,204,18.0408,3,1542,3.44
K5fRVUbeskI,Master you time,"Aug 18, 2025",40,203,0:00:17,43.53,27.78,,2,,,,,,0,0,5,0,100,0,1,686,1.1821,0,364,3.3
W30L6UTF8sY,Sales Mistakes That Keeps You  Broke,"Nov 4, 2025",2137,185,0:08:39,24.29,,,9,,,,,,1,0,12,0,100,6,1,185,26.6718,1,2965,4.69
sphPNiJF3gg,The #1 Problem Killing Salespeople.,"Feb 28, 2026",586,173,0:02:31,25.78,,,10,,,,,,2,0,4,0,100,2,1,173,7.2592,2,3118,4.11
 -IsFzYF39Hc,Door to door sales ain’t for the weak. Take the L’s and keep sprinting.,"Apr 29, 2025",11,162,0:00:15,142.8,76.81,,9,,,,,,0,0,3,1,75,0,2,362,0.7239,0,984,11.08
dllYjMS-Xz8,The TRUTH Behind Why People Hate Sales!,"Sep 28, 2022",121,158,0:01:16,63.32,,,46,,,,,,1,0,3,1,75,0,0,158,3.3624,1,1365,9.6
BMt40CcnZ7M,The Sales Truth Nobody Wants to Hear,"Apr 20, 2026",2552,147,0:09:06,21.41,,,94,,,,,,1,0,9,3,75,4,4,147,22.3085,1,1663,5.83
14dtBPxsI6k,How to Make $10K PER DAY in Solar ‼️,"Jul 5, 2024",237,145,0:02:19,58.68,,,6,,,,,,5,0,6,0,100,2,2,145,5.6019,5,985,11.07
8HFbLlUmVow,The Rule That Will Double Your Income,"Mar 6, 2026",1134,142,0:04:22,23.19,,,11,,,,,,2,0,1,0,100,1,0,142,10.3716,2,2452,3.51
4f3QWwITtE0,Why Your Team Isn’t Growing,"Mar 3, 2026",5178,140,0:11:56,13.84,,,37,,,,,,2,0,3,0,100,6,1,140,27.8679,2,2783,3.31
fTNnQ_Cu4B8,How Donnie Built a $250M Sales Org Without Burning Out,"Jun 23, 2025",2414,139,0:06:43,16.73,,,4,,,,,,4,0,6,1,85.71,12,2,139,15.5956,4,2401,4
QD9ZzuD5RHg,Secrets To A Millionaire Mind,"Jun 9, 2025",4063,136,0:06:54,10.21,,,5,,,,,,3,1,0,1,0,1,0,136,15.6742,2,2940,2.41
pq6m-v-AYpk,Biggest Event of The Year.,"Sep 23, 2025",60,131,0:00:14,24.73,12.84,,2,,,,,,0,0,4,0,100,0,0,812,0.8108,0,445,2.47
_iTs0wXvyi4,Turning No's Into Sales,"Dec 13, 2023",43,129,0:00:46,107.64,90.77,,21,,,,,,1,0,12,0,100,0,0,230,1.6623,1,1009,8.13
xwZ8tXmxo9U,"3 SECRETS to Make $100,000/mo as a Salesperson","Jan 5, 2023",748,128,0:05:25,43.47,,,11,,,,,,1,0,9,0,100,1,1,128,11.5613,1,1422,6.33
L2l4t8KiDgA,The 4-Step Formula to Outsell Anyone (Even in the Worst Markets),"Jun 1, 2026",3040,121,0:10:56,21.6,,,69,,,,,,2,0,6,0,100,2,1,121,22.0704,2,2247,3.87
Db7CKHoNqVA,The Weekly Planning System That Took Me From Salesman to CEO,"Jan 28, 2026",1140,119,0:06:51,36.13,,,11,,,,,,2,0,8,0,100,9,1,119,13.6144,2,1761,3.63
mdNnU66R_7Y,From Millionaire to working at a Gas Station [Full Interview with Josue Pena],"Oct 10, 2023",3503,112,0:06:15,10.71,,,14,,,,,,1,0,1,0,100,2,1,112,11.6706,1,697,4.3
9PVhiCe7kxo,The elite don’t just outwork you—they outgrow you,"Oct 9, 2025",48,111,0:00:21,45.06,31.43,,6,,,,,,0,0,5,0,100,0,0,303,0.7405,0,614,7.33
dtHhF8e6M0I,How to Build a World-Class Sales Team Without Babysitting Reps,"Oct 29, 2025",1653,111,0:05:20,19.36,,,3,,,,,,1,0,6,0,100,3,1,111,9.8681,1,2860,2.69
2Wot4s3N4OM,Too Honest To Be Good At Sales,"Dec 25, 2024",36,109,0:00:28,80.37,78.95,,11,,,,,,0,0,6,0,100,0,0,189,0.8862,0,1083,4.89
Dlvh9m_tfQk,Pushing Past Burnout & Limiting Beliefs,"Mar 13, 2024",2215,106,0:08:21,22.66,,,8,,,,,,4,0,1,0,100,3,0,106,14.7761,4,1972,3.5
j8CBMcApCJY,Do This To Overcome Sales Burnout,"Jan 12, 2026",45,101,0:01:11,159.98,33.44,,1,,,,,,1,0,5,0,100,0,0,307,2.0976,1,288,2.43
IM3KjFb5Zc4,The 50/150 rule #business #sales #salesman #salestips #money #work #books,"Mar 19, 2026",36,94,0:00:14,40.9,19.21,,4,,,,,,0,0,1,1,50,2,1,437,0.521,0,159,2.52
YFBbnDiI3b8,How to go from 100k to 500k+ in commissions,"Jan 17, 2025",46,94,0:00:37,80.57,79.31,,2,,,,,,0,0,5,0,100,3,0,159,0.9765,0,916,4.37
l3JJ-vNwX3k,More FIT equals more MONEY,"Feb 24, 2025",50,90,0:00:28,56.51,70.63,,1,,,,,,1,0,10,0,100,2,0,144,0.7206,1,714,5.18
Cr90D0XG2RM,Do This To Overcome Sales Burnout,"Jan 12, 2026",820,89,0:05:24,39.6,,,10,,,,,,0,1,2,0,100,4,0,89,8.0285,-1,1660,3.25
lokQJx8dH3o,How to DOUBLE SALES with ZERO SKILL,"Dec 26, 2024",202,89,0:01:39,49.04,,,6,,,,,,2,0,7,0,100,1,0,89,2.449,2,990,5.96
pbpJEe-Vld8,If you think reading makes you smart—you are stupid,"Jan 4, 2026",53,88,0:00:19,37.16,29.73,,2,,,,,,0,0,6,2,75,0,0,284,0.5459,0,328,7.93
K-MOWetQkoQ,Break the Addiction. Break Your Limits.,"Feb 14, 2026",720,87,0:04:00,33.42,,,7,,,,,,1,0,7,1,87.5,1,2,87,5.8155,1,4519,1.24
1A6smQyxprY,$0 to $35 MILLION in Sales: 3 Shifts Will Get You There (ft. Jeremy Miner) | Ep 41,"Dec 24, 2025",3064,86,0:02:36,5.1,,,0,,,,,,8,0,1,0,100,0,0,86,3.7351,8,954,5.35
5S3X71lyRBo,What is Sales about,"Oct 1, 2025",47,80,0:00:18,39.67,38.24,,3,,,,,,0,0,4,0,100,1,0,196,0.4613,0,423,3.55
9322y25U25Y,WHY People Are WRONG About SOLAR,"Dec 23, 2023",34,73,0:00:33,99.46,79.07,,16,,,,,,0,0,3,0,100,0,0,136,0.6933,0,592,6.59
_l14-RJ757w,How To Build A World Class Organization,"Mar 1, 2024",3069,69,0:03:08,6.13,,,4,,,,,,2,0,1,0,100,1,0,69,3.6072,2,1350,2.44
ZwgswZavJvE,Rocky Mountain power is awful!,"Jan 11, 2024",49,67,0:00:47,97.47,92.54,,7,,,,,,0,0,5,0,100,0,1,112,0.892,0,1022,4.5
Grd1rI8gZZ4,Saturdays are for the doors 🚪⁠,"Jun 1, 2024",47,67,0:00:52,110.93,91.43,,7,,,,,,0,0,7,0,100,1,0,124,0.9734,0,466,10.73
rmXxsstqM0E,Active vs Passive Income,"Feb 11, 2024",16,67,0:00:16,106.15,69.89,,12,,,,,,1,0,0,0,,0,0,126,0.3239,1,794,3.53
PZa7vozeKiY,Most Reps Misunderstand Referrals,"Feb 7, 2026",2855,67,0:09:34,20.14,,,5,,,,,,0,0,3,0,100,0,0,67,10.6994,0,1281,3.83
326zG8ccEHw,Your Team Isn’t Growing… Here’s Why,"Mar 29, 2026",3454,65,0:16:07,28.01,,,25,,,,,,0,0,4,0,100,5,1,65,17.4705,0,965,4.56
9ke1Z6IdgbY,The secret to becoming the best at anything,"Dec 19, 2024",34,65,0:00:29,86.73,79.75,,3,,,,,,0,0,6,0,100,0,0,116,0.5404,0,589,5.77
C0hwYVcK6dU,If you can sell your family you can sell anywhere,"Oct 20, 2023",51,65,0:00:42,83.99,70.45,,13,,,,,,0,0,5,0,100,2,0,110,0.7816,0,1391,2.59
UxeQfg_xGmg,From Abduction to Millionaire Sales Leader,"Jun 18, 2025",3470,62,0:07:15,12.55,,,3,,,,,,0,0,2,0,100,1,0,62,7.4985,0,1904,2.21
5DTQ7fL11Xc,Chaotic D2D Experience,"Dec 14, 2023",34,60,0:00:32,94.27,81.69,,13,,,,,,0,0,6,0,100,0,0,130,0.5402,0,452,9.73
yg4HAT8oVyo,Turning NO Into A SALE,"Dec 22, 2023",47,58,0:00:49,104.63,83.08,,9,,,,,,0,0,10,0,100,0,0,111,0.7961,0,549,6.19
t_phGPUlvCg,How To Set Goals & Guarantee Success,"Dec 24, 2025",1134,57,0:04:31,23.95,,,6,,,,,,2,0,3,0,100,0,0,57,4.3007,2,1863,1.72
i1uIiZvFEaE,Do YOU Like INFLATION?,"Jan 3, 2024",55,57,0:00:46,84.89,91.67,,9,,,,,,0,0,8,0,100,1,0,98,0.7415,0,459,7.41
ahic5dkkZ-4,Do This To Overcome Sales Burnout | Ep 50,"Jan 20, 2026",820,56,0:04:40,34.24,,,4,,,,,,0,0,1,0,100,0,0,56,4.3674,0,1937,0.98
KJR4VFqudAQ,Why Your Sales Team Keeps Quitting,"May 11, 2026",1564,55,0:05:35,21.43,,,42,,,,,,0,0,3,0,100,1,3,55,5.1205,0,2211,1.72
CY644riMgwY,FREE Sales Training Course - 10X Your Sales,"Jan 6, 2023",193,55,0:01:02,32.17,,,10,,,,,,0,0,3,0,100,0,1,55,0.9487,0,988,2.63
S_k_MxIbnu0,Ready to change your future? Let me coach you.,"May 30, 2024",48,53,0:00:47,98.57,89.47,,6,,,,,,0,0,2,0,100,1,0,95,0.6999,0,276,13.77
9gwzcdXpk2k,Don’t plan on a Plan B #business #sales #salesman #salestips #books #books #money #work #passion,"Mar 11, 2026",23,52,0:00:39,173.81,39.69,,2,,,,,,0,0,1,0,100,0,1,143,0.613,0,155,1.94
87Z-7RjKegA,How to Sell Anyone Anything SIMPLIFIED,"Oct 20, 2025",82,49,0:00:41,50.75,82.14,,1,,,,,,2,0,8,0,100,0,0,66,0.5707,2,345,7.83
ZFL-HvsVaak,The Secret to Becoming a Millionaire in Sales,"Dec 30, 2024",3158,49,0:08:00,15.23,,,8,,,,,,0,0,2,0,100,1,0,49,6.5447,0,802,2.62
Jk1Ed-77eYU,What Will People Say At YOUR Funeral? POWERFUL Motivation from 7 Habits (Habit 2 Book Summary),"Jan 25, 2023",201,48,0:01:51,55.62,,,7,,,,,,0,0,0,0,,3,0,48,1.4907,0,295,2.03
juAzHOXWhXs,The REAL Reason To Get Into SALES,"Jan 10, 2025",32,47,0:00:19,59.99,66.67,,0,,,,,,0,0,3,0,100,1,0,79,0.2614,0,614,1.79
7b6qZorF6LI,Is ANDROID or IPHONE Better?,"Jan 4, 2024",49,47,0:00:38,77.86,92.68,,5,,,,,,0,0,4,0,100,1,0,69,0.4989,0,302,9.27
B6UjJmK_rPU,How to 10X Commissions Without Working Harder,"Jan 18, 2025",2238,46,0:06:35,17.68,,,1,,,,,,0,0,2,0,100,1,0,46,5.0563,0,817,3.67
Ug3UxfaO7_Y,How to Not Burnout of Sales,"Feb 21, 2024",24,46,0:00:22,93.93,85.19,,17,,,,,,0,0,2,0,100,0,0,70,0.2906,0,278,5.76
_palRMSBRRM,How to Be A TOP SALESMEN,"Dec 27, 2023",47,45,0:00:38,82.38,77.19,,6,,,,,,0,0,9,0,100,0,0,75,0.4882,0,414,6.04
S3E8akCYX54,How to Build a World Class Sales Organization,"Feb 14, 2024",3069,43,0:07:14,14.16,,,6,,,,,,0,0,2,0,100,1,0,43,5.1913,0,1283,2.42
AGu-WF8cP_s,"Avoiding Repetition: Don't Be A ""Salesman"" (Sales Training)","Jan 6, 2023",66,43,0:00:52,79.84,,,3,,,,,,0,0,3,0,100,0,0,43,0.6294,0,811,3.82
P0enfzsDXhA,"December 30, 2024","Dec 30, 2024",77,42,0:00:32,42.43,66.67,,0,,,,,,0,0,3,0,100,2,0,69,0.4035,0,380,2.89
8zQ9pdn9Q44,These SECRETS made him MILLIONS,"Oct 31, 2023",3744,37,0:07:42,12.36,,,4,,,,,,0,0,2,0,100,1,0,37,4.7571,0,986,2.84
NhrTLLyxeH8,How I Made $200k in 30 Days Selling Solar | Ep 39,"Dec 24, 2025",1090,36,0:03:13,17.74,,,0,,,,,,1,0,5,0,100,0,0,36,1.9341,1,1192,2.1
FlvCiGNANRo,The Secret To Becoming A Millionaire 🤫,"Dec 21, 2024",39,36,0:00:23,59.15,74.47,,3,,,,,,0,0,1,0,100,0,0,55,0.2338,0,515,2.52
xFsnv6LQf3w,Why 99% FAIL,"Dec 6, 2023",4395,35,0:10:49,14.77,,,1,,,,,,0,0,1,0,100,0,0,35,6.3123,0,856,2.22
zD2zFodHAtk,How to Sell 22 Solar Accounts IN A DAY | Ep 17,"Nov 19, 2024",2997,34,0:08:23,16.79,,,0,,,,,,1,0,2,0,100,1,1,34,4.7522,1,492,4.67
UQi7h44coYs,Why People DO NOT BUY From YOU,"Nov 3, 2023",393,34,0:04:31,69.15,,,5,,,,,,0,0,2,0,100,1,0,34,2.5667,0,423,5.67
ZbGR8PMBrLk,EVERYONE is in SALES…,"Dec 26, 2024",51,34,0:00:18,35.74,51.61,,0,,,,,,0,0,0,0,,1,0,53,0.1835,0,390,2.31
t_9RRz2KvGU,How To Set Goals & Guarantee Success | Ep 49,"Jan 28, 2026",1134,33,0:03:03,16.19,,,0,,,,,,3,0,2,0,100,0,0,33,1.683,3,1016,1.67
G5E-1FvxpUw,Are You A Yes Man?,"Apr 1, 2024",21,33,0:00:18,86.99,79.49,,3,,,,,,0,0,1,-1,,0,0,54,0.171,0,373,2.95
XOU8-yXqxek,Cut from the NFL to Sales Legend—Mitch Mattews’ Story,"Jun 3, 2025",4209,33,0:08:28,12.09,,,4,,,,,,0,0,0,0,,0,0,33,4.6645,0,1202,1.66
aH2fT2US1LQ,Eat What You Kill: The #1 Secret to Growing into a Sales Leader w/ Sam Taggart | Ep 28,"Apr 11, 2025",3156,32,0:05:46,10.98,,,0,,,,,,0,0,2,0,100,0,0,32,3.0812,0,861,2.79
-7k6TkNC-_k,Secrets to Building a Sales Empire w/ Jonathan Mason | Ep 45,"Dec 24, 2025",2723,32,0:10:24,22.92,,,0,,,,,,1,0,0,0,,1,0,32,5.5474,1,682,1.76
rzumC_QPIoo,Being a LEADER will make you SUCCESSFUL,"Oct 24, 2023",2724,31,0:12:27,27.45,,,3,,,,,,0,0,1,0,100,0,0,31,6.4378,0,532,4.89
VU5s7M_0vKM,"You don’t have a “motivation” problem, you have this problem…","Dec 11, 2024",88,31,0:00:46,53.14,87.88,,0,,,,,,1,0,5,0,100,0,0,36,0.4043,1,317,3.15
92sZK7aCnZc,How To Always Win A Deal,"Mar 4, 2024",21,31,0:00:22,107.67,77.5,,1,,,,,,0,0,1,0,100,0,0,63,0.1985,0,337,3.86
tVwqWXde9KI,Mindset & Habits of the Top 1% of Salespeople & Entrepreneurs | Ep 43,"Dec 24, 2025",1612,30,0:06:26,23.97,,,0,,,,,,1,0,2,0,100,0,0,30,3.2206,1,774,2.2
gGr6JDdvNW4,NEVER Say This In Sales,"Nov 19, 2023",27,30,0:00:25,92.77,87.5,,1,,,,,,0,0,0,0,,0,0,53,0.2106,0,225,5.33
6ElhLQFVfz0,Selling Yourself Positive Self Talk (Sales Training),"Jan 6, 2023",140,30,0:01:12,51.73,,,5,,,,,,0,0,2,0,100,1,0,30,0.6035,0,342,3.8
9d25-QqrWo0,These TIPS Will Make You A Better Salesperson,"Oct 17, 2023",2523,28,0:09:51,23.43,,,5,,,,,,1,0,1,0,100,1,0,28,4.5977,1,386,4.4
yoqPUZkmx68,Why investing is important!,"Jan 10, 2024",54,28,0:00:31,58.19,74.07,,4,,,,,,1,0,0,0,,0,0,39,0.2477,1,673,1.78
IJOuY8fZ5SQ,"How Win TRUST FAST: The ""5 T's of Trust"" | Ep 30","Apr 11, 2025",795,26,0:07:11,54.24,,,0,,,,,,1,0,2,0,100,2,0,26,3.1141,1,642,2.34
o3rR1gvr_d0,How To Set Goals & Guarantee Success | Ep 49,"Jan 28, 2026",1134,26,0:02:59,15.81,,,2,,,,,,0,0,3,0,100,0,0,26,1.2945,0,1152,1.13
E7PrHZM8NRw,Give Yourself an Edge (Sales Training),"Jan 6, 2023",111,25,0:01:19,71.36,,,2,,,,,,0,0,0,0,,0,0,25,0.5501,0,462,3.9
c5SkKq-X00U,Choose Your Focus,"Sep 12, 2025",53,25,0:00:22,42.17,67.57,,2,,,,,,0,0,3,0,100,0,0,43,0.1611,0,228,2.63
EcgasGoHYdA,These SECRETS Made Him MILLIONS,"Oct 31, 2023",51,25,0:00:39,78.3,71.43,,2,,,,,,0,0,1,0,100,0,0,44,0.2808,0,675,2.67
zIngpUc48AU,MARRY THE PROCESS,"Jan 19, 2026",27,24,0:00:20,77.2,54.55,,1,,,,,,0,0,0,0,,0,0,55,0.1505,0,202,4.46
Xw1ypd76RoM,What The Top 1% of Solar Salespeople Do Differently | Ep 40,"Dec 24, 2025",1930,24,0:07:17,22.69,,,0,,,,,,2,0,2,0,100,2,0,24,2.9192,2,582,2.06
B4ndB7gPlfs,How To Make Sale In 5 Minutes,"Dec 15, 2023",57,24,0:00:36,63.23,100,,1,,,,,,0,0,0,0,,0,0,29,0.2403,0,341,4.11
xJMc5-quGeA,CHANGE YOUR MINDSET,"Dec 30, 2023",47,24,0:00:42,90.46,60.53,,7,,,,,,0,0,-1,0,100,0,0,55,0.2883,0,192,6.25
J6vFzZBqox4,How To Handle OBJECTIONS,"Dec 5, 2023",64,24,0:00:57,90.06,,,4,,,,,,0,0,1,0,100,0,0,24,0.3843,0,312,7.05
BD8Vsn1yzMY,How to 5x your sales #business #sales #salesman #salestips #money #work #books #passion,"Mar 24, 2026",61,22,0:00:54,88.61,73.33,,14,,,,,,0,0,1,0,100,0,0,38,0.3333,0,174,2.87
Gb-WiZ4OCoU,Most People Buy After 5 Attempts to Close (Sales Training),"Jan 6, 2023",97,22,0:01:14,76.57,,,3,,,,,,0,0,1,0,100,0,0,22,0.4539,0,449,3.34
d1hTnytCehE,This is the biggest reason salespeople hate their job,"Oct 17, 2023",42,22,0:00:33,79.63,91.3,,0,,,,,,0,0,1,0,100,0,0,30,0.2051,0,265,4.15
odPR2QvnEnc,DON'T Let Them CONTROL You,"Jan 2, 2024",12,22,0:00:11,95.19,70,,3,,,,,,0,0,2,0,100,0,0,45,0.0737,0,168,4.17
aSIoofRFtHE,Blitz Queen: How Melissa Romiza Runs Elite Solar Sprints | Ep 48,"Dec 24, 2025",2146,22,0:11:20,31.72,,,0,,,,,,0,1,1,0,100,0,0,22,4.1605,-1,769,1.69
eWPgKHZ3qQs,Making A Million Dollars in D2D Sales (Podcast),"Nov 19, 2024",1383,22,0:03:20,14.5,,,2,,,,,,1,0,0,0,,1,0,22,1.2257,1,573,3.32
E6I1hKZauSk,The 7 Deadly Sins That Are Killing Your Sales | Ep 38,"Dec 24, 2025",2139,21,0:10:39,29.9,,,0,,,,,,0,0,0,0,,2,0,21,3.7304,0,530,2.64
JfF7rvXpZNY,Don't Be Apologetic (Sales Training),"Jan 6, 2023",73,20,0:00:58,80.64,,,6,,,,,,0,0,0,0,,1,0,20,0.327,0,514,2.33
xOq1ll0QOA4,The 7 Habits of Highly Effective People: Habit 1 (The MOST Important) 5 Min Summary,"Dec 23, 2022",312,20,0:01:49,34.98,,,1,,,,,,0,0,2,0,100,0,0,20,0.6064,0,443,3.39
DPcHMaHls70,Don’t sell yourself short in sales,"Oct 18, 2024",47,20,0:00:33,70.76,68.97,,1,,,,,,1,0,5,0,100,0,0,35,0.189,1,265,1.51
ugAjTRoGr7U,Sell Like a CEO | Ep 31,"Apr 11, 2025",2041,20,0:08:55,26.26,,,0,,,,,,0,0,1,0,100,0,0,20,2.9772,0,684,1.75
RneFofsR3oU,"Perspective, Momentum, KPIs, Empathy","Nov 19, 2024",2463,20,0:13:46,33.56,,,3,,,,,,0,0,0,0,,0,0,20,4.5925,0,499,3.01
qbsQgL4bBpM,Don't Get Left BEHIND by Your Industry!,"Jun 24, 2024",1730,20,0:05:38,19.55,,,4,,,,,,0,0,2,0,100,0,1,20,1.8792,0,563,2.13
gC__hGApDqY,Why Becoming A MASTER CLOSER Is WRONG,"Nov 23, 2023",50,20,0:00:38,76.29,76.92,,2,,,,,,0,0,1,0,100,0,0,32,0.213,0,180,5.56
H8QaxC_MSjM,How good are you at selling?,"Feb 25, 2024",32,19,0:00:27,85.77,86.36,,1,,,,,,0,0,0,0,,0,0,34,0.1456,0,199,6.53
tf2AOkqcbWE,Don't SELL your product - TEACH it,"Feb 18, 2024",45,19,0:00:26,59.37,73.08,,4,,,,,,0,0,2,0,100,0,0,27,0.1418,0,210,3.33
l96AC08ruIM,The Real Secrets Behind The Top 1% of Salespeople | Ep 32,"Apr 11, 2025",2640,19,0:04:50,10.99,,,0,,,,,,0,0,1,0,100,0,0,19,1.5308,0,743,1.75
WD0a5zoe4sc,Why Salespeople STILL Knock Doors In 2023 (It's Actually GENIUS),"Jan 17, 2023",89,19,0:00:49,55.79,,,4,,,,,,1,0,1,0,100,0,0,19,0.262,1,356,3.65
31AKjYmifF4,Don't Do This If You Don't Like Saving Money,"Dec 17, 2023",43,19,0:00:54,126.91,90,,5,,,,,,0,0,2,0,100,0,0,38,0.2891,0,131,8.4
D4ZiyDHleZg,Dealing with SPICY PROSPECT,"Nov 7, 2023",58,19,0:00:50,86.47,72,,1,,,,,,0,0,2,0,100,0,0,40,0.2693,0,179,3.35
ymDz_4Rz6LE,How NOT to be the stereotypical salesperson,"Jun 17, 2024",525,19,0:05:45,65.9,,,5,,,,,,0,0,3,0,100,1,0,19,1.8259,0,367,3.54
JWmKy15W6Wk,Rate My SALES Technique,"Nov 8, 2023",42,18,0:00:49,117.55,80,,3,,,,,,0,0,2,0,100,0,0,33,0.2476,0,117,8.55
68HC_hGs9-U,Sell yourself not your soul #books #business #sales #salesman #salestips #work #passion #money,"Feb 26, 2026",42,18,0:00:23,57.04,58.06,,2,,,,,,0,0,4,0,100,0,0,29,0.1236,0,124,5.65
Nxk-iRSTRzw,The Sales Therapist: Healing the Inner Game to Win in Business | Ep 47,"Dec 24, 2025",2747,18,0:04:20,9.49,,,0,,,,,,0,0,1,0,100,1,0,18,1.3036,0,1415,0.78
fGYo9p0-j1s,Fill Your Own Cup FIRST,"Mar 20, 2024",43,18,0:00:48,113.71,80.95,,4,,,,,,0,0,1,0,100,0,0,28,0.2455,0,373,2.14
3jG2Q8TKV84,Make Sure You're SOLD Before You SELL,"Dec 20, 2023",16,17,0:00:18,117.55,73.91,,5,,,,,,0,0,1,0,100,1,0,38,0.0915,0,256,1.95
t7_GtJFYcVI,Setting Goals vs. Setting Expectations Sales Training,"Jan 6, 2023",121,17,0:01:17,64.29,,,2,,,,,,0,0,0,0,,0,0,17,0.3673,0,452,1.99
BglPa92qxE0,Making A Million In One Year In Door-to-Door Sales | Ep 23,"Nov 21, 2024",1383,17,0:02:43,11.84,,,0,,,,,,0,0,0,0,,0,0,17,0.7732,0,513,2.53
DhjNbxtqmhY,Pass Your Goal,"Feb 17, 2024",25,17,0:00:31,124.36,85,,0,,,,,,0,0,1,0,100,0,0,30,0.1474,0,158,7.59
bPaMQYDptJE,This Is 95% Of Sales Training,"Dec 31, 2023",32,17,0:00:23,74.34,71.43,,2,,,,,,0,0,1,0,100,0,0,28,0.1143,0,259,2.32
1GTbJ4UqvCY,From Broke to 150 Reps: How Spencer Built a Life Insurance Army by 25 | Ep 46,"Dec 24, 2025",2097,17,0:07:55,22.68,,,0,,,,,,0,0,1,0,100,0,0,17,2.2457,0,716,1.54
SILpm0zBhl4,Escape the Sales Slump 🔥,"Nov 19, 2024",1928,16,0:12:53,40.1,,,1,,,,,,0,0,0,0,,0,0,16,3.4362,0,502,2.79
EgOVFw3qhIY,You Don't Have To Close Everyone,"Mar 13, 2024",31,15,0:00:31,102.24,83.33,,2,,,,,,0,0,1,0,100,1,0,26,0.1327,0,183,4.37
s4JuGavxjWQ,In order to give more you must become more #business #sales #salesman #salestips #money #books #work,"Mar 9, 2026",36,15,0:00:33,94.27,53.57,,2,,,,,,0,0,0,0,,1,0,32,0.1459,0,110,2.73
A6BFnsha9R0,"SECRETS to Atomic Habits That Will Make You Over $150,000","Oct 23, 2023",953,15,0:06:48,42.9,,,4,,,,,,0,0,-1,0,100,0,0,15,1.7034,0,318,2.83
ZJxSMmB_BbA,"Master the Game: Sales, Entrepreneurship & Life | Ep 29","Apr 11, 2025",3511,15,0:06:55,11.82,,,0,,,,,,0,0,1,0,100,5,0,15,1.7297,0,623,1.93
NKfjmTb_h2M,The #1 HIGHEST-PAYING Attribute for Salespeople,"Mar 18, 2022",46,15,0:00:36,78.57,82.35,,1,,,,,,0,0,0,0,,0,0,22,0.1517,0,170,6.47
PByaXGQuuro,Be okay walking away. Pick your prospect. #salestips #salestraining,"Nov 17, 2024",40,15,0:00:25,62.6,60.87,,0,,,,,,0,0,1,0,100,0,0,27,0.1079,0,212,1.42
e28lACMFCw4,Shalev Podcast,"Jan 15, 2025",2709,15,0:13:59,30.98,,,1,,,,,,0,0,2,0,100,0,0,15,3.4972,0,677,1.33
jII-TUompfg,Sell This ONE PERSON To Sell EVERYONE,"Jan 2, 2025",468,15,0:03:31,45.26,,,0,,,,,,0,0,1,0,100,0,0,15,0.8825,0,572,1.22
bEZ9i4ISJxM,Confidence vs. Competence: Sales Training,"Jan 6, 2023",95,14,0:01:08,72.03,,,1,,,,,,0,0,0,0,,0,0,14,0.2661,0,256,2.34
r3rNPyFqXVM,Nick & Evan Reveal The Dark Side of Success (What No One Talks About) | Ep 37,"Dec 24, 2025",5567,14,0:27:37,29.77,,,0,,,,,,0,0,0,0,,0,0,14,6.4447,0,1211,0.91
19PjIzA7OXo,Do You HAVE To Be PUSHY In SALES,"Nov 23, 2023",52,14,0:00:34,65.89,86.67,,3,,,,,,0,0,0,0,,0,0,21,0.1333,0,143,4.9
PkT0rZcHno4,How to Build a World Class Sales Organization | Ep 9,"Nov 19, 2024",3069,14,0:01:11,2.33,,,0,,,,,,0,0,1,0,100,0,0,14,0.2786,0,334,2.99
m1yKjNfxDqI,Mastermind Call #01 Culture,"Nov 19, 2024",2574,13,0:13:03,30.43,,,3,,,,,,0,0,0,0,,0,0,13,2.8288,0,483,1.86
jc_-Ohkn9ws,How Your Morning Routine Makes You More Sales,"Dec 14, 2024",77,13,0:00:33,44.03,48.15,,1,,,,,,0,0,1,0,100,0,0,25,0.1266,0,230,0.87
5vUmN5nGvVc,W.W.O.W Sales Effect #business #money #sales #salestips #work #salesman #books #passion,"May 14, 2026",39,13,0:00:26,69.12,81.25,,15,,,,,,0,0,2,0,100,0,0,20,0.0992,0,122,0.82
_UU6aiEMuyY,Invest In Yourself First,"Mar 17, 2024",16,13,0:00:17,107.91,76.47,,0,,,,,,0,0,0,0,,0,0,23,0.0638,0,137,6.57
qMCkVOKPows,The TRUTH About Salespeople: EXPOSING the BEST Sales Professionals,"Mar 7, 2022",55,13,0:00:27,49.51,66.67,,2,,,,,,0,0,0,0,,0,0,18,0.1001,0,234,3.42
auBSadhWK58,Love Your Product,"Mar 19, 2024",44,13,0:00:24,56.51,86.67,,0,,,,,,0,0,1,0,100,0,0,18,0.0912,0,156,5.13
uzVS6EBQjK4,From Divorce To Golden Door,"Mar 8, 2024",2995,12,0:10:48,21.67,,,2,,,,,,0,0,0,0,,0,0,12,2.163,0,303,1.65
_beiBx3if_M,Science of Superhuman Selling (Solo Podcast) | Ep 20,"Nov 19, 2024",2463,12,0:06:25,15.66,,,0,,,,,,0,0,0,0,,0,0,12,1.2861,0,400,1.25
isjgnmUC9bw,How To ACTUALLY Become A Millionaire In 2023 | The Truth No One Tells You,"Jan 10, 2023",485,12,0:01:41,21,,,3,,,,,,0,0,0,0,,0,0,12,0.3395,0,405,1.98
TBiL82wNR0E,These SIMPLE Tricks Can Make You A MASTER MARKETER,"Nov 14, 2023",3187,11,0:10:10,19.14,,,0,,,,,,0,0,0,0,,0,0,11,1.8639,0,532,0.94
imPhFqoeGDY,How to Sell CLOSE-MINDED People,"Mar 11, 2022",51,11,0:00:44,87.46,68.75,,2,,,,,,0,0,0,0,,0,0,20,0.1387,0,231,2.16
ut5son29Hl4,Maximizing Your VIRTUAL SALES Potential,"Nov 25, 2023",4538,11,0:07:39,10.13,,,0,,,,,,0,0,0,0,,3,0,11,1.4052,0,554,1.08
Gt4Ylm-icBA,Don't let people waste your time,"Aug 22, 2023",53,11,0:00:26,50.23,60,,2,,,,,,0,0,1,0,100,0,0,12,0.082,0,330,1.52
xuXasZAKqHQ,Sell the PAIN not the GAIN #salestips #salestraining,"Oct 14, 2024",54,10,0:00:41,77.2,45,,0,,,,,,0,0,1,0,100,0,0,19,0.1174,0,184,0.54
oMgxTCNqKE8,LISTEN before you SELL,"Mar 21, 2022",61,10,0:00:35,58.77,,,1,,,,,,0,0,2,0,100,0,0,10,0.0996,0,166,5.42
32_sGRrNMDE,The Key to Selling Anything: Identify the Cost of Doing Nothing #salestraining #nicknascimento,"Aug 8, 2023",37,10,0:01:17,208.72,100,,1,,,,,,0,0,0,0,,0,0,18,0.2145,0,356,1.97
cs4YalvFMi0,Shining Light on Solar & Self Improvement: How to Make 6 Figures A Month In Solar | Ep 24,"Dec 26, 2024",3759,10,0:08:59,14.34,,,0,,,,,,0,0,0,0,,0,0,10,1.4975,0,508,1.38
YIiCC0Ya-1I,The Secret Behind How World Class Sales Teams/Orgs Are Built (Solo Podcast) | Ep 22,"Nov 19, 2024",2574,10,0:04:24,10.28,,,0,,,,,,0,0,0,0,,0,0,10,0.7353,0,434,1.38
izUTYzhdsfo,From Divorce To Golden Door,"Mar 9, 2024",2995,10,0:06:26,12.9,,,1,,,,,,0,0,0,0,,0,0,10,1.0736,0,333,3
u3_2rlTNX3Q,Lessons learned in divorce,"Jun 2, 2024",23,10,0:00:20,90.39,71.43,,0,,,,,,0,0,0,0,,0,0,18,0.0588,0,151,3.97
wQ3Ky8OUiZY,THIS Is Why You STRUGGLE To Make A SALE,"Nov 20, 2023",25,9,0:00:23,95.75,75,,4,,,,,,0,0,2,0,100,0,0,17,0.0601,0,110,2.73
Fp4YHkC1kCE,How to Build a World-Class Sales Team Without Babysitting Reps | Ep 44,"Dec 24, 2025",1653,9,0:01:25,5.16,,,0,,,,,,0,0,0,0,,0,0,9,0.2133,0,681,0.73
6TSZspSX9AY,The TOP SALESPEOPLE ALL Have This,"Dec 22, 2023",26,9,0:00:19,74.25,53.33,,4,,,,,,0,0,0,0,,0,0,18,0.0514,0,148,3.38
Y2EJwyCfhhs,Ask better questions,"Jun 19, 2024",60,9,0:00:32,53.94,36.84,,1,,,,,,0,0,0,0,,0,0,16,0.0849,0,170,1.76
v7k9HbxG_Zo,The AMOUNT of CONFIDENCE You Will Gain,"Oct 26, 2023",28,9,0:00:24,87.96,81.82,,1,,,,,,0,0,-1,0,100,0,0,17,0.062,0,131,3.05
UH3hyw1rLNo,MONDAY FIRE,"Jun 18, 2024",58,9,0:00:33,57.21,42.86,,2,,,,,,0,0,0,0,,0,0,18,0.0849,0,175,3.43
d-2Ip14tepY,100M Offers by Alex Hormozi: Key Takeaways,"Dec 7, 2022",137,9,0:01:53,82.98,,,1,,,,,,0,0,0,0,,0,0,9,0.2842,0,335,2.69
DU7JiSjgal4,7 Habits Summary - Proactive vs Reactive Language #booksummary #7habits #covey #selfhelp,"Dec 23, 2022",60,9,0:00:36,60.79,66.67,,0,,,,,,0,0,0,0,,0,0,11,0.0912,0,324,2.16
vql3twSKhfM,Never say BUT! BUT There is One Exception...,"Mar 18, 2022",39,9,0:00:31,79.64,,,1,,,,,,0,0,0,0,,0,0,9,0.0776,0,85,8.24
 -Fg9NATCVus,get rich off your assets!,"Jan 12, 2024",45,8,0:00:28,63.31,63.64,,4,,,,,,0,0,1,0,100,0,0,13,0.0645,0,121,2.48
dq-5bhX5Of0,Transparency is key,"Jun 12, 2024",11,8,0:00:14,128.06,47.06,,0,,,,,,0,0,0,0,,0,0,23,0.0343,0,143,2.1
8DmVN_YKoU0,Where Your Time Matters Most,"Mar 15, 2024",15,8,0:00:12,84.19,72.73,,0,,,,,,0,0,0,0,,0,0,12,0.0299,0,89,2.25
r__KkRQTB2s,Are You Happy?,"Mar 16, 2024",55,8,0:00:27,49.72,53.85,,0,,,,,,0,0,1,0,100,0,0,10,0.0613,0,248,0.4
fsVeLgbT4C8,"How Your ""WHY"" Can Get You More Sales","Jan 6, 2023",102,8,0:01:04,63.67,,,1,,,,,,0,0,0,0,,0,0,8,0.1443,0,259,1.54
BUlXmkP4XWM,Who Is The Enemy?,"Apr 4, 2024",45,8,0:00:21,47.79,66.67,,2,,,,,,0,0,0,0,,0,0,12,0.0487,0,138,2.9
ioCkm7IPMeE,How To Maximize Your Potential,"Mar 29, 2024",64,8,0:00:46,72.12,,,2,,,,,,0,0,0,0,,0,0,8,0.1026,0,299,1.34
r4j7i-u7N18,Burnout is A Bad Word,"Mar 26, 2024",37,7,0:00:30,81.2,87.5,,0,,,,,,0,0,0,0,,0,0,12,0.0595,0,127,1.57
I953iBZEBXU,have a success mindset,"Jun 22, 2024",30,7,0:00:29,97.53,53.85,,0,,,,,,0,0,0,0,,0,0,14,0.0578,0,145,0.69
IsYuf1SLC-c,How Thiago Made His First Million In Sales | Ep 33,"Dec 24, 2025",3470,7,0:00:24,0.69,,,0,,,,,,0,0,0,0,,0,0,7,0.0468,0,268,1.87
X7v4P_-0gw4,Cost of Doing Nothing: The Easiest Way to Sell Anything to Anyone,"Aug 8, 2023",38,7,0:00:29,77.45,,,1,,,,,,0,0,1,0,100,0,0,7,0.0572,0,198,3.54
2cXAUXgXUMc,DON'T Kiss Ass To Gain MORE Sales,"Dec 9, 2023",38,7,0:00:20,55.16,63.64,,2,,,,,,0,0,0,0,,0,0,12,0.0432,0,85,3.53
cWK2DXoxsJI,"health, wealth & relationships 👑","Jun 20, 2024",27,7,0:00:16,61.17,41.18,,0,,,,,,0,0,0,0,,0,0,13,0.0347,0,156,1.28
ZMb6PXr1ldA,How To Make More In A Week Than Most Do In A Year  | Ep 15,"Nov 19, 2024",2111,7,0:05:27,15.51,,,0,,,,,,1,0,1,0,100,0,0,7,0.6367,1,320,1.56
G_ta8Il9GZI,Breaking Through to The Authentic You | Ep 10,"Nov 19, 2024",3437,7,0:14:00,24.45,,,0,,,,,,0,0,0,0,,0,0,7,1.6337,0,294,1.36
4hhLOwuur5g,TRUST Is Where The SALE Is Made,"Dec 29, 2023",55,7,0:00:32,59.3,43.75,,1,,,,,,0,0,1,0,100,0,0,15,0.0665,0,93,1.08
WEgXvo1I6HM,How to Build URGENCY,"Dec 28, 2023",59,7,0:00:26,44.89,58.33,,2,,,,,,0,0,0,0,,0,0,11,0.054,0,120,0
 -zO4LJretS0,How Tight Is Your Schedule?,"Apr 10, 2024",54,7,0:00:43,80.09,33.33,,2,,,,,,0,0,0,0,,0,0,21,0.0891,0,162,1.23
jsXv49Ua0S4,Your Sales Shouldn't Be A Rollercoaster,"Apr 8, 2024",24,7,0:00:13,57.18,53.85,,0,,,,,,0,0,0,0,,0,0,13,0.0283,0,143,2.1
8GvoXEEC1rE,How To GAIN Followers FASTER,"Dec 10, 2023",49,6,0:00:23,47.14,66.67,,1,,,,,,0,0,0,0,,0,0,10,0.0393,0,71,1.41
KDCQ6t09KwI,Quality over Quantity,"Feb 10, 2024",50,6,0:00:18,36.26,38.46,,1,,,,,,0,0,0,0,,0,0,10,0.0326,0,186,2.15
7S9coUZhn6o,"Tiny Changes, Life Changing Results - Atomic Habits by James Clear (Book Summary)","Jan 3, 2023",267,6,0:02:17,51.36,,,2,,,,,,0,0,0,0,,0,0,6,0.2286,0,328,1.83
TPTdkNl3ZCc,Think Botox!,"Feb 9, 2024",27,6,0:00:21,77.79,75,,1,,,,,,0,0,1,0,100,0,0,9,0.0359,0,113,1.77
yJiSl0YJqbA,Compete to Make it to the Top (Sales Training),"Jan 6, 2023",107,6,0:01:36,90.11,,,1,,,,,,0,0,0,0,,0,0,6,0.1607,0,259,1.16
R2BCweGJbm4,How to double your sales in 30 days #salestips #salestraining #nicknascimento,"Dec 17, 2022",52,6,0:00:42,82.57,85.71,,1,,,,,,0,0,0,0,,0,0,10,0.0718,0,67,7.46
I390umoS41o,D2D Sales Guru meets Virtual Sales Guru | Ep 11,"Nov 19, 2024",4597,6,0:13:15,17.3,,,0,,,,,,0,0,0,0,,0,0,6,1.3257,0,307,1.63
bFV5Xk8Feow,They SHOULD Stick With You During Your WORST,"Nov 6, 2023",53,6,0:00:13,25.04,42.86,,1,,,,,,0,0,0,0,,0,0,14,0.0241,0,67,0
xdPkb5TUUSI,Process Not Prize (Solo Podcast) | Ep 19,"Nov 19, 2024",1928,6,0:05:25,16.86,,,0,,,,,,0,0,0,0,,0,0,6,0.5418,0,351,0.28
SkhasvJLYqo,Passive vs Active Income,"Feb 13, 2024",16,6,0:00:22,143.11,54.55,,1,,,,,,0,0,0,0,,0,0,16,0.0386,0,107,3.74
l7iFKUw-dfU,Who Are You Along The Way?,"Mar 11, 2024",22,6,0:00:09,44.81,83.33,,0,,,,,,0,0,1,0,100,0,0,7,0.0169,0,106,2.83
jw322PiOh3s,Nick & The Muscle Podcast,"Apr 11, 2025",3511,6,0:12:24,21.21,,,1,,,,,,0,0,0,0,,0,0,6,1.2409,0,742,0.81
bB6c9mNJp7k,You can't just BRO harder,"May 30, 2024",60,6,0:00:29,48.59,35.29,,0,,,,,,0,0,0,0,,0,0,9,0.0503,0,142,2.11
C_fG5dzprNU,Dont Major in Minor Things,"Nov 19, 2024",143,6,0:05:18,222.72,,,0,,,,,,0,0,0,0,,0,0,6,0.5308,0,395,0.76
831_U34gqWU,Golden Nuggets: Think & Grow Rich Book Summary #thinkandgrowrich #selfhelp #booksummary,"Dec 11, 2022",54,5,0:00:27,50.29,100,,1,,,,,,0,0,0,0,,0,0,6,0.0377,0,64,3.13
oqUWSGCQmUg,How to Make a Million Dollars Selling Door to Door #d2dsales,"Aug 11, 2023",55,5,0:00:41,75.22,100,,0,,,,,,0,0,0,0,,0,0,5,0.0575,0,73,1.37
BPb3uu7pywA,TOP SALESPEOPLE DO THIS,"Dec 19, 2023",26,5,0:00:12,47.21,50,,2,,,,,,0,0,0,0,,0,0,10,0.0196,0,97,2.06
Y4v6j5cFFVU,How to Stay Mentally Healthy,"Feb 29, 2024",37,5,0:00:30,82.58,100,,0,,,,,,0,0,0,0,,0,0,7,0.0424,0,110,0
ujC-8DQO6oE,Best Sales Training for 2023 (NOT What You Expect),"Jul 18, 2023",28,5,0:00:27,98.14,,,1,,,,,,0,0,0,0,,0,0,5,0.0382,0,251,1.59
w8JdJDEGijc,Unlock Your True Potential: Secrets to Success | Ep 36,"Dec 24, 2025",4145,5,0:00:21,0.53,,,0,,,,,,0,0,0,0,,0,0,5,0.0302,0,673,0.74
tnqGwhFheHQ,"It’s not about selling, it’s about teaching.","Jan 13, 2024",16,5,0:00:16,105.6,83.33,,0,,,,,,0,0,0,0,,0,0,9,0.0235,0,92,3.26
6ICYxNae-N8,What NOT To Do When Recruiting Salespeople,"Aug 9, 2023",46,5,0:00:39,85.71,,,0,,,,,,0,0,0,0,,0,0,5,0.0548,0,210,2.38
mBYUqud8Ne8,Are You A Good Dad?,"Feb 29, 2024",52,5,0:01:23,160.72,55.56,,0,,,,,,0,0,0,0,,0,0,14,0.1174,0,155,1.94
Yft2C3Ecp8c,Invest in YOU before investing in assets,"Sep 24, 2022",64,5,0:00:39,61.25,,,1,,,,,,0,0,0,0,,0,0,5,0.0544,0,157,3.18
qAyvqPxmoZU,Authenticity & Attraction: The #1 Secret to Recruiting & Building Teams w/ Mitch Mathews | Ep 35,"Dec 24, 2025",4209,5,0:00:13,0.31,,,0,,,,,,1,0,0,0,,0,0,5,0.0184,1,254,1.97
_GlEkTv7WUg,Be Humble & Work Harder,"Feb 14, 2024",41,5,0:00:18,45.99,71.43,,1,,,,,,0,0,0,0,,0,0,6,0.0264,0,126,1.59
Pn0aZqtEC7U,Summary & Application of Habit 2: 7 Habits of Highly Effective People by Steven R. Covey #7habits,"Jan 22, 2023",26,4,0:00:26,102.44,75,,1,,,,,,1,0,1,0,100,0,0,7,0.0301,1,206,1.46
S7r0krZIhnk,The Power of Proximity w/ Jimmy Rex | Ep 18,"Nov 19, 2024",3086,4,0:13:11,25.64,,,0,,,,,,0,0,0,0,,0,0,4,0.8791,0,358,0.28
soK3wWOO0fo,Its time to do some hard sh*t!,"Jan 19, 2024",26,4,0:00:21,82.12,80,,0,,,,,,0,0,0,0,,0,0,7,0.0239,0,98,0
0gvVBytN67g,Humility is a requirement,"May 31, 2024",15,4,0:00:06,44.84,19.05,,2,,,,,,0,0,0,0,,0,0,13,0.012,0,153,0.65
ca58TQJFKVA,How To Be A Sales Doctor,"Apr 3, 2024",40,4,0:00:15,37.69,17.65,,4,,,,,,0,0,1,0,100,0,0,16,0.0219,0,569,0.18
AWkQiXFDNGM,Don’t be DESPERATE,"Jan 20, 2024",18,4,0:00:18,101.41,66.67,,1,,,,,,0,0,1,0,100,0,0,9,0.0212,0,117,0.85
sSsE3OOCldw,How I Made $250k in 1 Month #salesmindset #entrepreneurmindset #solarsales,"Dec 27, 2022",21,4,0:00:33,157.56,100,,1,,,,,,0,0,1,0,100,0,0,9,0.0368,0,58,5.17
EjAlj6Hdiwk,What Is Your Big Breakthrough?,"Mar 12, 2024",54,4,0:00:40,74.55,57.14,,0,,,,,,0,0,0,0,,0,0,8,0.0452,0,132,1.52
LXSXn7sD_u4,How to Have It All w/ Kris Krohn | Ep 14,"Nov 19, 2024",1794,4,0:08:02,26.91,,,0,,,,,,0,0,0,0,,0,0,4,0.5365,0,312,0.64
CadQV3aSnHM,Psychological Secret Rich People NEVER Share #selfhelp #thinkandgrowrich #napoleonhill,"Dec 20, 2022",49,4,0:01:11,145.61,100,,0,,,,,,0,0,0,0,,0,0,8,0.0793,0,46,6.52
_mOlx8YKXhg,Where MOST Businesses Get It WRONG,"Dec 8, 2023",41,4,0:00:30,73.25,44.44,,2,,,,,,0,0,0,0,,0,0,9,0.0356,0,72,2.78
oItcuFi6qK0,Grateful for mentorship & brotherhood,"Jun 3, 2024",60,4,0:00:24,40.97,40,,0,,,,,,0,0,0,0,,0,0,9,0.029,0,149,0.67
FAyw5CxIDA4,How Much Would You Pay For Proximity?,"Mar 1, 2024",58,4,0:01:46,183.39,50,,1,,,,,,0,0,0,0,,0,0,14,0.1192,0,150,2
D0Ss_KTU940,Convincing ISN’T Selling!,"Apr 19, 2022",29,4,0:00:24,83.48,100,,0,,,,,,0,0,0,0,,0,0,6,0.0269,0,44,6.82
Hua9dmgXHdY,Selling Secret: NO means KNOW,"Mar 15, 2022",40,3,0:00:16,41.34,100,,1,,,,,,0,0,0,0,,0,0,3,0.0138,0,43,2.33
n0ClUAZlcgw,Weekly Planning Secrets for Salespeople  - How to Guarantee Your Success EVERY Week | Ep 21,"Nov 19, 2024",1635,3,0:09:18,34.16,,,0,,,,,,0,0,0,0,,0,0,3,0.4654,0,407,0.49
7QeUUfSLgCU,The #1 Attribute of Hyper Achievers #selfhelp #personaldevelopment #perspective #positivethinking,"Jan 20, 2023",34,3,0:00:21,63.08,66.67,,0,,,,,,0,0,0,0,,0,0,4,0.0188,0,36,5.56
vf7V38JMmPM,More Effort Is Always Required,"Mar 17, 2024",41,3,0:00:12,31.35,50,,0,,,,,,0,0,0,0,,0,0,5,0.0112,0,108,0
W9qJz1Y4-4g,From Divorce to Golden Door | Ep 12,"Nov 19, 2024",2995,3,0:01:19,2.66,,,0,,,,,,0,0,0,0,,0,0,3,0.0663,0,299,0.67
LdjQm_75aKg,Lead With Your Face!,"Mar 18, 2024",27,3,0:00:07,26.54,50,,0,,,,,,0,0,0,0,,0,0,7,0.0066,0,133,0
1_9-S4Ag208,How to Not Waste A Sale,"Mar 14, 2024",32,3,0:00:28,87.79,28.57,,0,,,,,,0,0,1,0,100,0,0,7,0.0245,0,110,0
Ow5zviCt7rc,Small Steps To Exponential Growth,"Mar 8, 2024",25,3,0:00:21,86.31,50,,0,,,,,,0,0,0,0,,0,0,6,0.0189,0,131,0.76
Q13kIAD7F8E,Pushing Past Burnout & Limiting Beliefs | Ep 13,"Nov 19, 2024",2215,3,0:00:28,1.29,,,0,,,,,,0,0,0,0,,0,0,3,0.0238,0,284,0.35
RB9Y9SXROgY,Don't Get Left Behind By Your Industry | Ep 16,"Nov 19, 2024",1730,2,0:00:12,0.72,,,0,,,,,,0,0,0,0,,0,0,2,0.0069,0,335,0.3
420APrwlpvg,The Higher Game of Sales: Faith Builds Fortunes w Jake Robles | Ep 42,"Dec 24, 2025",2609,2,0:08:29,19.54,,,0,,,,,,0,0,0,0,,0,0,2,0.2833,0,492,0
ROr5Sv4ot2U,How To Have A Long Term Brand,"Dec 16, 2023",61,2,0:00:41,67.41,,,0,,,,,,0,0,0,0,,0,0,2,0.0228,0,254,0.79
Vsqg0iu1SmU,One SIMPLE way to increase your prospects INTEREST LEVEL and sell more,"Mar 7, 2022",59,2,0:01:20,136.07,66.67,,0,,,,,,0,0,0,0,,0,0,5,0.0452,0,75,1.33
3UQSLdPqTnY,How much have you invested into yourself?,"Feb 26, 2024",26,2,0:00:15,61.44,40,,1,,,,,,0,0,0,0,,0,0,5,0.0095,0,95,2.11
92K3GVua3Ew,I Became SUCCESSFUL When I Did THIS,"Nov 5, 2023",50,2,0:00:26,52.33,33.33,,1,,,,,,0,0,0,0,,0,0,5,0.0156,0,58,0
Qcc7lUtGw8U,Know Your Product,"Feb 16, 2024",4,2,0:00:04,115.94,18.18,,2,,,,,,0,0,0,0,,0,0,10,0.0036,0,223,0.45
_b9DjDczAFE,You CHANGE After You Get MARRIED Or Have KIDS,"Nov 2, 2023",60,2,0:00:43,72.17,100,,0,,,,,,0,0,0,0,,0,0,2,0.0241,0,76,1.32
8wLD2-oBGlA,Does Your Partner Push You?,"Feb 20, 2024",4,2,0:00:11,291.41,25,,0,,,,,,0,0,0,0,,0,0,11,0.0083,0,144,0
RNOJhWsUNTw,The Fastest Way to Sell More (and it’s NOT Sales Training) #salestraining,"Jul 21, 2023",36,2,0:00:32,90.45,100,,0,,,,,,0,0,0,0,,0,0,2,0.0181,0,51,3.92
QYiARRqNBQY,Kris Krohn is the Real Deal #kriskrohn #mentorship,"Dec 14, 2022",30,2,0:00:31,104.27,66.67,,0,,,,,,0,0,0,0,,0,0,5,0.0179,0,88,2.27
X6Gf0VSstec,The ONE Great Secret to Sales Success,"Mar 21, 2022",38,2,0:00:32,86.09,100,,0,,,,,,0,0,0,0,,0,0,2,0.0182,0,79,2.53
WUzAcLEJuuk,Show Don’t Tell - Sales Training,"Aug 2, 2023",46,1,0:01:36,209.04,50,,1,,,,,,0,0,0,0,,0,0,3,0.0267,0,55,1.82
mhbUKMCTy0I,This is why there is such a huge stigma around salespeople #carsalesman #pushysalesman,"Jul 15, 2023",35,1,0:00:26,74.99,100,,0,,,,,,0,0,0,0,,0,0,1,0.0073,0,45,0
aw0HP14VoGQ,Habit 3 & Time Management: Golden Nugget from best selling book: 7 Habits #7habits #selfhelptips,"Jan 21, 2023",43,1,0:00:00,1.28,,,0,,,,,,0,0,0,0,,0,0,1,0.0002,0,56,0
IAYw-MoRurQ,Who is your super power?,"Jan 18, 2024",40,1,0:00:09,23.88,33.33,,0,,,,,,0,0,0,0,,0,0,2,0.0035,0,96,0
wtnLczRuESk,How You Can Get Into Sales / Entrepreneurship with ZERO RISK #quitthe9to5,"Jul 17, 2023",33,1,0:00:30,93,,,0,,,,,,0,0,0,0,,0,0,1,0.0085,0,55,1.82
UHXUyMN7xOg,How to Sell Without Being Pushy #entrepreneur #salestraining #salestips,"Sep 28, 2022",61,1,0:00:44,73.02,100,,0,,,,,,0,0,0,0,,0,0,1,0.0124,0,33,0
lNIMXKOixhE,What is YOUR hedgehog?#goodtogreat #jimcollins #selfhelpbooks #careeradvice #booksummary,"Jan 24, 2023",52,1,0:01:01,118.65,100,,0,,,,,,0,0,0,0,,0,0,2,0.0171,0,75,1.33
GjUSIUZHQa0,Success has a stigma,"Jun 5, 2024",27,1,0:00:04,18.19,10,,0,,,,,,0,0,0,0,,0,0,8,0.0064,0,150,0.67
QyM-liPpJCg,Making My First Million: What I Learned. #firstmillion #salestips #careeradvice #makemoremoney,"Jan 31, 2023",42,1,0:00:41,97.67,,,0,,,,,,0,0,0,0,,0,0,1,0.0114,0,45,0
L717WDrLRFg,CONTROL FREAKS Sell More,"Mar 21, 2022",35,1,0:00:11,33.46,100,,0,,,,,,0,0,0,0,,0,0,1,0.0033,0,102,0.98
OMlbphQ3024,How to Find Motivation to Sell More,"Mar 21, 2022",20,1,0:00:06,30.5,33.33,,0,,,,,,0,0,0,0,,0,0,2,0.0023,0,34,0
q7mWmCRBkpk,Supportive Partners,"Feb 19, 2024",18,1,0:00:06,36.64,50,,0,,,,,,0,0,0,0,,0,0,1,0.0018,0,90,0
R6LSrebImlo,Recruiting Better Salespeople #salesrecruiting,"Aug 9, 2023",46,1,0:00:31,68.81,,,0,,,,,,0,0,0,0,,0,0,1,0.0088,0,58,0
NEmowaO7aPU,Salespeople NEED to HEAR This! #salesman #saleswoman,"Dec 17, 2022",20,1,0:00:15,76.25,100,,0,,,,,,0,0,0,0,,0,0,1,0.0042,0,152,0.66
yEn6hSK9qR0,How to Live Up to Your Fulfillment,"Mar 6, 2024",34,1,0:02:14,394.37,25,,0,,,,,,0,0,0,0,,0,0,6,0.0383,0,108,0
dJ2p3WFRhIY,MATERIALISTIC Things Do NOT Matter,"Nov 4, 2023",55,1,0:00:09,16.73,33.33,,1,,,,,,0,0,0,0,,0,0,3,0.0031,0,100,0
T_xLwj2uTwQ,The Millionaire Next Door: Budget Budget Budget #millionairenextdoor #selfhelpbooks,"Jan 13, 2023",34,1,0:00:33,99.06,0,,0,,,,,,0,0,0,0,,0,0,2,0.0099,0,43,2.33
tW9XqYWyADc,The Word to Never Say When Selling,"Mar 23, 2022",29,1,0:00:04,16.41,50,,0,,,,,,0,0,0,0,,0,0,2,0.0024,0,42,2.38
2HlfHeJzG9I,Good to Great Book Summary Spark Notes #sparknotes #booksummary #entrepreneurship #businessbook,"Sep 28, 2022",50,1,0:00:08,17.49,50,,0,,,,,,0,0,0,0,,0,0,2,0.0033,0,253,0.4
4t-eG_H3D94,Never Say This When Negotiating #salestips #salestraining #negotiating #businesstips,"Jan 15, 2023",54,1,0:00:16,30.93,100,,0,,,,,,0,0,-1,0,100,0,0,2,0.0046,0,34,0
Bx51CFrWjQ8,Self Development,"Feb 15, 2024",58,0,,,0,,0,,,,,,0,0,-1,0,100,0,0,1,0.0003,0,85,0
rTtzM6AjtcA,The first job for 5 different BILLIONAIRES #firstjobtips #firstjob #sidehustle,"Jan 10, 2023",59,0,,,0,,0,,,,,,0,0,0,0,,0,0,1,0.0003,0,34,0
3Qhr6Bmb44A,How Your PERSPECTIVE Determines Your INCOME in Sales,"Mar 8, 2022",35,0,,,0,,0,,,,,,0,0,0,0,,0,0,1,0.0003,0,38,0
5P70IsZsO4o,Do This One Thing to Double Your Sales!,"Apr 6, 2022",41,0,,,0,,0,,,,,,0,0,0,0,,0,0,1,0.0005,0,29,0
XahFt0eJYHc,The Best Sales Training I’ve EVER Had Was NOT Actual “Sales Training” #solarsales #d2dsales,"Jul 18, 2023",28,,,,,,0,,,,,,,,,,,,,,,,39,0
eRvv57nHKjA,3 Secrets of All Top 1% of Salespeople,"Jan 9, 2023",60,,,,,,0,,,,,,,,,,,,,,,,51,0
YUbg6WVG8As,The “Miracle Morning” Routine in 60 Seconds #Booksummary #morningroutine #selfhelpbooks,"Dec 29, 2022",61,,,,,,0,,,,,,,,,,,,,,,,29,0
NVrghr3z7J8,Nobody Takes You Serious on Android 🤷🏻‍♂️,"Oct 1, 2022",44,,,,,,0,,,,,,,,,,,,,,,,26,0
pUQQZmdmf_s,How to convince any prospect to buy anything you sell,"Aug 14, 2023",54,,,,,,0,,,,,,,,,,,,,,,,37,0
WwHR2Q4ytPw,Atomic Habits: The Overnight Success Secret,"Nov 26, 2022",59,,,,,,0,,,,,,,,,,,,,,,,28,0
KE3hcMpqAbw,The Science behind Sales Org Success,"May 17, 2023",43,,,,,,0,,,,,,,,,,,,,,,,176,0
IcqUzpUKR5w,Sell YOURSELF not your SOUL,"May 24, 2023",23,,,,,,0,,,,,,,,,,,,,,,,194,0
Icjd3jcKjsA,Golden Nugget from Best Selling Book: Atomic Habits #selfhelp #jamesclear,"Dec 11, 2022",61,,,,,,0,,,,,,,,,,,,,,,,36,0
Nb95vReIXjc,Atomic Habits Golden Nugget: Science Proves You Change Your Habits in Less Than 21 Days #selfhelp,"Dec 21, 2022",61,,,,,,0,,,,,,,,,,,,,,,,53,0
FI9YztdIKrg,Atomic Habits Summary Story,"Nov 26, 2022",52,,,,,,0,,,,,,,,,,,,,,,,21,0
sHYzzHLeZV8,I Can’t Believe This Actually Happened… #Manifestation is Real 😳 #positivethinking,"Dec 22, 2022",35,,,,,,0,,,,,,,,,,,,,,,,32,0
HIiw1Fwssac,2 GAME CHANGERS for Your Team/Company: Good to Great (Book Summary) #selfhelp #jimcollins,"Jan 9, 2023",45,,,,,,0,,,,,,,,,,,,,,,,83,0
hcwBbLOJ0lM,Do THIS Instead or To-Do Lists #productivityhack,"May 12, 2023",45,,,,,,0,,,,,,,,,,,,,,,,64,0
fF49r8Lvx7U,How to Start out as an Entrepreneur #intrapreneur #beyourownboss,"Dec 9, 2022",57,,,,,,0,,,,,,,,,,,,,,,,41,0
